date,min,max,median,q1,q3,stdev,count
2024-12-14T00:00:00.000Z,0.56,2.58,1.2,0.76,1.67,0.577,11
2024-12-15T00:00:00.000Z,0.56,2.04,0.78,0.67,1.05,0.444,24
2024-12-16T00:00:00.000Z,0.6,2.69,1.42,0.92,1.96,0.645,24
2024-12-17T00:00:00.000Z,0.42,36.47,1.54,0.69,2.78,9.203,24
2024-12-18T00:00:00.000Z,0.59,2.73,1.08,0.84,1.47,0.55,24
2024-12-19T00:00:00.000Z,0.55,1.92,0.89,0.64,1.18,0.44,24
2024-12-20T00:00:00.000Z,0.54,2.13,0.85,0.66,1.03,0.374,24
2024-12-21T00:00:00.000Z,0.54,2.64,1.17,0.79,2,0.669,24
2024-12-22T00:00:00.000Z,0.57,2.74,1.86,0.95,2.25,0.702,24
2024-12-23T00:00:00.000Z,0.62,2.71,1.15,0.85,1.7,0.555,24
2024-12-24T00:00:00.000Z,0.54,2.61,1.4,0.83,2.02,0.667,24
2024-12-25T00:00:00.000Z,0.62,2.76,1.83,1.05,2.31,0.643,24
2024-12-26T00:00:00.000Z,0.57,2.46,1.03,0.78,1.55,0.499,24
2024-12-27T00:00:00.000Z,0.56,2.7,0.92,0.69,1.24,0.532,24
2024-12-28T00:00:00.000Z,0.57,2.72,1.39,0.83,1.83,0.625,24
2024-12-29T00:00:00.000Z,0.62,2.83,1.25,0.8,1.84,0.62,21
2024-12-30T00:00:00.000Z,0.55,2.89,1.19,0.7,1.58,0.607,22
2024-12-31T00:00:00.000Z,0.61,2.39,0.95,0.78,1.42,0.558,24
2025-01-01T00:00:00.000Z,0.63,1.63,0.98,0.74,1.19,0.313,24
2025-01-02T00:00:00.000Z,0.62,2.31,1.42,1,1.86,0.515,24
2025-01-03T00:00:00.000Z,0.61,2.54,0.9,0.7,1.02,0.582,24
2025-01-04T00:00:00.000Z,0.56,1.96,0.99,0.78,1.31,0.423,24
2025-01-05T00:00:00.000Z,0.56,2.82,1.25,0.86,1.97,0.637,24
2025-01-06T00:00:00.000Z,0.56,2.09,0.85,0.75,1.04,0.368,24
2025-01-07T00:00:00.000Z,0.55,2.44,0.85,0.73,1.34,0.484,24
2025-01-08T00:00:00.000Z,0.57,2.37,0.95,0.69,1.31,0.529,24
2025-01-09T00:00:00.000Z,0.74,2.5,1.15,0.84,1.84,0.556,24
2025-01-10T00:00:00.000Z,0.57,2.59,1.01,0.75,1.6,0.588,24
2025-01-11T00:00:00.000Z,0.66,2.46,1.24,1,1.65,0.489,24
2025-01-12T00:00:00.000Z,0.54,3.06,1.21,0.88,1.85,0.708,24
2025-01-13T00:00:00.000Z,0.55,2.75,1.57,0.91,2.04,0.674,22
2025-01-14T00:00:00.000Z,0.63,2.57,0.8,0.7,1.06,0.573,19
2025-01-15T00:00:00.000Z,0.54,3.06,0.77,0.63,1.32,0.747,24
2025-01-16T00:00:00.000Z,0,2.9,0,0,2.19,1.122,24
2025-01-17T00:00:00.000Z,0,0,0,0,0,0,24
2025-01-18T00:00:00.000Z,0,0,0,0,0,0,24
2025-01-19T00:00:00.000Z,0,0,0,0,0,0,24
2025-01-20T00:00:00.000Z,0,0,0,0,0,0,24
2025-01-21T00:00:00.000Z,0,0,0,0,0,0,24
2025-01-22T00:00:00.000Z,0,0,0,0,0,0,24
2025-01-23T00:00:00.000Z,0,0,0,0,0,0,24
2025-01-24T00:00:00.000Z,0,0,0,0,0,0,24
2025-01-25T00:00:00.000Z,0,0,0,0,0,0,23
2025-01-26T00:00:00.000Z,0,0,0,0,0,0,22
2025-01-27T00:00:00.000Z,0,0,0,0,0,0,24
2025-01-28T00:00:00.000Z,0,0,0,0,0,0,24
2025-01-29T00:00:00.000Z,0,0,0,0,0,0,24
2025-01-30T00:00:00.000Z,0,0,0,0,0,0,20
2025-01-31T00:00:00.000Z,0,0,0,0,0,0,24
2025-02-01T00:00:00.000Z,0,0,0,0,0,0,24
2025-02-02T00:00:00.000Z,0,0,0,0,0,0,24
2025-02-03T00:00:00.000Z,0,0,0,0,0,0,24
2025-02-04T00:00:00.000Z,0,0,0,0,0,0,24
2025-02-05T00:00:00.000Z,0,0,0,0,0,0,24
2025-02-06T00:00:00.000Z,0,0,0,0,0,0,24
2025-02-07T00:00:00.000Z,0,0,0,0,0,0,24
2025-02-08T00:00:00.000Z,0,0,0,0,0,0,24
2025-02-09T00:00:00.000Z,0,0,0,0,0,0,24
2025-02-10T00:00:00.000Z,0,0,0,0,0,0,24
2025-02-11T00:00:00.000Z,0,0,0,0,0,0,24
2025-02-12T00:00:00.000Z,0,0,0,0,0,0,24
2025-02-13T00:00:00.000Z,0,0,0,0,0,0,24
2025-02-14T00:00:00.000Z,0,0,0,0,0,0,23
2025-02-15T00:00:00.000Z,0,0,0,0,0,0,24
2025-02-16T00:00:00.000Z,0,0,0,0,0,0,24
2025-02-17T00:00:00.000Z,0,0,0,0,0,0,24
2025-02-18T00:00:00.000Z,0,0,0,0,0,0,24
2025-02-19T00:00:00.000Z,0,0,0,0,0,0,24
2025-02-20T00:00:00.000Z,0,0,0,0,0,0,24
2025-02-21T00:00:00.000Z,0,0,0,0,0,0,24
2025-02-22T00:00:00.000Z,0,0,0,0,0,0,24
2025-02-23T00:00:00.000Z,0,0,0,0,0,0,24
2025-02-24T00:00:00.000Z,0,0,0,0,0,0,24
2025-02-25T00:00:00.000Z,0,0,0,0,0,0,24
2025-02-26T00:00:00.000Z,0,0,0,0,0,0,24
2025-02-27T00:00:00.000Z,0,0,0,0,0,0,18
2025-02-28T00:00:00.000Z,0,0,0,0,0,0,6
2025-03-01T00:00:00.000Z,0,0,0,0,0,0,18
2025-03-02T00:00:00.000Z,0,0,0,0,0,0,24
2025-03-03T00:00:00.000Z,0,0,0,0,0,0,24
2025-03-04T00:00:00.000Z,0,0,0,0,0,0,24
2025-03-05T00:00:00.000Z,0,0,0,0,0,0,24
2025-03-06T00:00:00.000Z,0,0,0,0,0,0,6
2025-03-07T00:00:00.000Z,0,0,0,0,0,0,19
2025-03-08T00:00:00.000Z,0,0,0,0,0,0,24
2025-03-09T00:00:00.000Z,0,0,0,0,0,0,24
2025-03-10T00:00:00.000Z,0,0,0,0,0,0,24
2025-03-11T00:00:00.000Z,0,0,0,0,0,0,24
2025-03-12T00:00:00.000Z,0,0,0,0,0,0,24
2025-03-13T00:00:00.000Z,0,0,0,0,0,0,24
2025-03-14T00:00:00.000Z,0,0,0,0,0,0,24
2025-03-15T00:00:00.000Z,0,0,0,0,0,0,24
2025-03-16T00:00:00.000Z,0,0,0,0,0,0,24
2025-03-17T00:00:00.000Z,0,0,0,0,0,0,24
2025-03-18T00:00:00.000Z,0,0,0,0,0,0,24
2025-03-19T00:00:00.000Z,0,0,0,0,0,0,24
2025-03-20T00:00:00.000Z,0,0,0,0,0,0,24
2025-03-21T00:00:00.000Z,0,0,0,0,0,0,24
2025-03-22T00:00:00.000Z,0,0,0,0,0,0,24
2025-03-23T00:00:00.000Z,0,0,0,0,0,0,24
2025-03-24T00:00:00.000Z,0,0,0,0,0,0,24
2025-03-25T00:00:00.000Z,0,0,0,0,0,0,24
2025-03-26T00:00:00.000Z,0,0,0,0,0,0,24
2025-03-27T00:00:00.000Z,0,0,0,0,0,0,10
2025-03-28T00:00:00.000Z,0,0,0,0,0,0,19
2025-03-29T00:00:00.000Z,0,0,0,0,0,0,24
2025-03-30T00:00:00.000Z,0,0,0,0,0,0,24
2025-03-31T00:00:00.000Z,0,0,0,0,0,0,24
2025-04-01T00:00:00.000Z,0,0,0,0,0,0,24
2025-04-02T00:00:00.000Z,0,0,0,0,0,0,24
2025-04-03T00:00:00.000Z,0,0,0,0,0,0,24
2025-04-04T00:00:00.000Z,0,0,0,0,0,0,24
2025-04-05T00:00:00.000Z,0,0,0,0,0,0,24
2025-04-06T00:00:00.000Z,0,0,0,0,0,0,24
2025-04-07T00:00:00.000Z,0,0,0,0,0,0,24
2025-04-08T00:00:00.000Z,0,0,0,0,0,0,24
2025-04-09T00:00:00.000Z,0,0,0,0,0,0,24
2025-04-10T00:00:00.000Z,0,0,0,0,0,0,24
2025-04-11T00:00:00.000Z,0,0,0,0,0,0,24
2025-04-12T00:00:00.000Z,0,0,0,0,0,0,24
2025-04-13T00:00:00.000Z,0,0,0,0,0,0,24
2025-04-14T00:00:00.000Z,0,0,0,0,0,0,9
2025-04-15T00:00:00.000Z,0,0,0,0,0,0,17
2025-04-16T00:00:00.000Z,0,0,0,0,0,0,24
2025-04-17T00:00:00.000Z,0,0,0,0,0,0,24
2025-04-18T00:00:00.000Z,0,0,0,0,0,0,24
2025-04-19T00:00:00.000Z,0,0,0,0,0,0,22
2025-04-20T00:00:00.000Z,0,0,0,0,0,0,24
2025-04-21T00:00:00.000Z,0,0,0,0,0,0,24
2025-04-22T00:00:00.000Z,0,10.93,1.42,0,2.22,2.435,23
2025-04-23T00:00:00.000Z,0.64,3.03,0.93,0.8,1.3,0.672,24
2025-04-24T00:00:00.000Z,0.57,2.8,1.1,0.8,1.36,0.463,24
2025-04-25T00:00:00.000Z,0.54,3.93,0.88,0.72,1.15,0.681,24
2025-04-26T00:00:00.000Z,0.55,3.31,1.01,0.79,1.6,0.701,24
2025-04-27T00:00:00.000Z,0.53,58.24,1.31,0.76,2.22,13.209,24
2025-04-28T00:00:00.000Z,0.54,49.41,1.23,0.67,2.52,13.382,24
2025-04-29T00:00:00.000Z,0.54,69.28,1.01,0.64,3.03,18.426,24
2025-04-30T00:00:00.000Z,0.62,27.36,1.27,0.83,1.87,6.785,21
2025-05-01T00:00:00.000Z,0.54,4.48,0.83,0.62,1.14,1.142,24
2025-05-02T00:00:00.000Z,0.56,34.96,0.8,0.64,1.3,7.42,20
2025-05-03T00:00:00.000Z,0.55,57.32,1.52,1,2.5,12.156,20
2025-05-04T00:00:00.000Z,0.54,26.9,1.02,0.68,2.06,5.934,24
2025-05-05T00:00:00.000Z,0.53,63.82,1.12,0.74,4.55,17.784,22
2025-05-06T00:00:00.000Z,0.53,52.02,1.54,0.69,2.08,11.024,24
2025-05-07T00:00:00.000Z,0.54,40.06,1.05,0.63,2.24,10.151,24
2025-05-08T00:00:00.000Z,0.53,72.34,1.03,0.68,2.02,16.03,24
2025-05-09T00:00:00.000Z,0.53,6.31,0.91,0.56,1.55,1.334,24
2025-05-10T00:00:00.000Z,0.53,40.17,1.1,0.71,1.89,7.833,24
2025-05-11T00:00:00.000Z,0.55,4.34,1.04,0.67,1.78,1.06,24
2025-05-12T00:00:00.000Z,0.54,33.56,1.2,0.85,2.57,6.803,24
2025-05-13T00:00:00.000Z,0.54,54.52,1.18,0.64,1.89,13.986,24
2025-05-14T00:00:00.000Z,0.53,77.8,1.4,0.61,2.64,20.63,24
2025-05-15T00:00:00.000Z,0.54,76.59,1.09,0.79,2.78,20.3,24
2025-05-16T00:00:00.000Z,0.53,76.11,1.17,0.59,1.72,18.573,24
2025-05-17T00:00:00.000Z,0.53,71.22,1.05,0.68,5.18,18.703,21
2025-05-18T00:00:00.000Z,0.61,23.13,1.24,0.72,6.24,7.662,17
2025-05-19T00:00:00.000Z,0.55,3.03,0.89,0.75,1.63,0.736,24
2025-05-20T00:00:00.000Z,0.54,3.97,1.12,0.81,1.75,0.883,24
2025-05-21T00:00:00.000Z,0.53,51.96,0.84,0.64,3.43,14.217,24
2025-05-22T00:00:00.000Z,0.54,68.04,0.89,0.59,1.56,18.012,24
2025-05-23T00:00:00.000Z,0.53,71.59,1.41,0.77,3.25,15.467,24
2025-05-24T00:00:00.000Z,0.54,4.32,1.19,0.84,1.76,1.038,24
2025-05-25T00:00:00.000Z,0.54,45.62,1.18,0.67,3.19,12.165,24
2025-05-26T00:00:00.000Z,0.55,1.24,0.75,0.65,1.03,0.216,24
2025-05-27T00:00:00.000Z,0.57,1.67,0.9,0.72,1.22,0.313,24
2025-05-28T00:00:00.000Z,0.55,2.86,1.2,0.75,1.54,0.531,24
2025-05-29T00:00:00.000Z,0.54,60.12,1.04,0.7,2.46,12.849,24
2025-05-30T00:00:00.000Z,0.55,2.76,0.8,0.62,1.11,0.546,24
2025-05-31T00:00:00.000Z,0.54,4.23,1.01,0.63,1.64,0.975,24
2025-06-01T00:00:00.000Z,0.61,1.73,0.84,0.69,1.18,0.336,24
2025-06-02T00:00:00.000Z,0.53,39.63,1.15,0.74,2.86,8.915,24
2025-06-03T00:00:00.000Z,0.54,39.02,1.12,0.68,3.76,10.957,24
2025-06-04T00:00:00.000Z,0.54,21.43,1.02,0.59,4.38,5.593,24
2025-06-05T00:00:00.000Z,0.54,81.09,1.03,0.76,1.55,19.946,24
2025-06-06T00:00:00.000Z,0.53,97.9,0.98,0.61,2.16,21.398,24
2025-06-07T00:00:00.000Z,0.53,36.59,0.76,0.6,3.97,9.96,24
2025-06-08T00:00:00.000Z,0.54,5.03,0.71,0.61,1.1,0.984,24
2025-06-09T00:00:00.000Z,0.53,78.19,0.7,0.57,1.22,21.295,24
2025-06-10T00:00:00.000Z,0.54,4.79,0.82,0.72,1.08,1.174,18
2025-06-11T00:00:00.000Z,0.53,62.2,1.04,0.61,3.4,17.206,24
2025-06-12T00:00:00.000Z,0.53,63.24,0.99,0.63,3.02,16.19,24
2025-06-13T00:00:00.000Z,0.57,3.25,0.94,0.67,1.65,0.682,24
2025-06-14T00:00:00.000Z,0.54,3.3,0.87,0.63,1.42,0.81,24
2025-06-15T00:00:00.000Z,0.53,20.25,1.12,0.54,2.7,4.603,17
2025-06-16T00:00:00.000Z,0.53,60.8,1.07,0.67,3.47,15.375,24
2025-06-17T00:00:00.000Z,0.53,77.23,1.03,0.61,3.2,19.363,24
2025-06-18T00:00:00.000Z,0.39,38.42,0.6,0.55,1.72,10.01,22
2025-06-19T00:00:00.000Z,0.55,76.75,1,0.76,2.04,19.331,24
2025-06-20T00:00:00.000Z,0.54,2.66,0.94,0.59,1.41,0.562,24
2025-06-21T00:00:00.000Z,0.54,77.76,0.97,0.69,2.27,18.939,23
2025-06-22T00:00:00.000Z,0.53,55.3,0.86,0.56,3.05,15.24,24
2025-06-23T00:00:00.000Z,0.56,64.13,1.2,0.57,1.9,13.114,23
2025-06-24T00:00:00.000Z,0.54,88.14,0.92,0.57,1.85,20.669,24
2025-06-25T00:00:00.000Z,0.53,68.56,0.87,0.56,1.96,17.239,24
2025-06-26T00:00:00.000Z,0.53,78.67,0.98,0.64,1.47,20.609,24
2025-06-27T00:00:00.000Z,0.53,56.72,1.08,0.6,2.52,15.316,24
2025-06-28T00:00:00.000Z,0.54,68.44,1.09,0.65,2.04,18.447,24
2025-06-29T00:00:00.000Z,0.55,99.83,0.74,0.61,1.78,20.565,24
2025-06-30T00:00:00.000Z,0.53,113.96,0.88,0.62,1.28,26.463,23
2025-07-01T00:00:00.000Z,0.53,73.61,0.94,0.61,1.55,17.171,24
2025-07-02T00:00:00.000Z,0.53,65.02,1.08,0.69,3.33,16.685,24
2025-07-03T00:00:00.000Z,0.54,78.29,1.02,0.61,1.77,19.914,24
2025-07-04T00:00:00.000Z,0.55,110.55,0.93,0.6,1.87,25.61,24
2025-07-05T00:00:00.000Z,0.53,94.78,0.96,0.59,1.83,23.01,24
2025-07-06T00:00:00.000Z,0.54,85.32,1,0.6,1.68,19.117,24
2025-07-07T00:00:00.000Z,0.54,8.58,0.93,0.61,2.41,1.801,24
2025-07-08T00:00:00.000Z,0.54,66.29,0.96,0.64,1.55,17.599,24
2025-07-09T00:00:00.000Z,0.53,60.76,0.93,0.59,3.38,16.033,24
2025-07-10T00:00:00.000Z,0.6,1.48,0.88,0.78,1.22,0.265,24
2025-07-11T00:00:00.000Z,0.53,43.41,1.24,0.76,3.62,8.73,24
2025-07-12T00:00:00.000Z,0.56,72.47,0.79,0.61,1.52,19.305,24
2025-07-13T00:00:00.000Z,0.54,100.39,0.93,0.61,2.12,24.332,24
2025-07-14T00:00:00.000Z,0.53,64.28,0.89,0.65,2.57,17.887,24
2025-07-15T00:00:00.000Z,0.53,66.78,0.93,0.59,2.87,16.837,24
2025-07-16T00:00:00.000Z,0.53,61.23,0.78,0.56,2.27,15.895,24
2025-07-17T00:00:00.000Z,0.54,97.29,1.32,0.61,1.77,21.454,24
2025-07-18T00:00:00.000Z,0.53,99.05,0.89,0.59,1.68,22.615,24
2025-07-19T00:00:00.000Z,0.53,54.88,1.05,0.59,2.74,16.01,24
2025-07-20T00:00:00.000Z,0.55,75.68,0.9,0.59,1.83,17.662,24
2025-07-21T00:00:00.000Z,0.53,83.65,0.79,0.6,2.37,21.702,24
2025-07-22T00:00:00.000Z,0.53,35.99,1.07,0.77,2,8.662,24
2025-07-23T00:00:00.000Z,0.54,5.15,1.11,0.64,1.5,1.152,24
2025-07-24T00:00:00.000Z,0.54,4.93,0.96,0.69,1.3,1.108,24
2025-07-25T00:00:00.000Z,0.53,79.55,1.22,0.91,2.31,18.655,24
2025-07-26T00:00:00.000Z,0.53,71.98,1.01,0.64,1.75,17.384,24
2025-07-27T00:00:00.000Z,0.53,36.04,1.02,0.68,2.24,9.533,24
2025-07-28T00:00:00.000Z,0.59,2.72,0.95,0.69,1.75,0.671,24
2025-07-29T00:00:00.000Z,0.53,4.46,0.94,0.72,1.81,1.091,24
2025-07-30T00:00:00.000Z,0.54,4.55,0.91,0.65,1.21,0.977,24
2025-07-31T00:00:00.000Z,0.55,30.9,0.92,0.69,1.76,6.753,24
2025-08-01T00:00:00.000Z,0.54,81.59,0.9,0.66,4.99,21.208,23
2025-08-02T00:00:00.000Z,0.56,5.32,1.26,0.9,2.21,1.087,24
2025-08-03T00:00:00.000Z,0.54,92.12,0.98,0.82,1.81,21.965,24
2025-08-04T00:00:00.000Z,0.54,49.88,0.86,0.63,1.53,9.785,24
2025-08-05T00:00:00.000Z,0.53,72.29,1.07,0.67,4.38,18.572,24
2025-08-06T00:00:00.000Z,0.53,86.8,0.87,0.63,2.31,22.668,24
2025-08-07T00:00:00.000Z,0.53,48.44,1.19,0.65,3.08,13.45,24
2025-08-08T00:00:00.000Z,0.53,85.75,1.01,0.65,1.71,19.284,24
2025-08-09T00:00:00.000Z,0.54,77.17,0.95,0.62,1.77,17.445,24
2025-08-10T00:00:00.000Z,0.53,80.25,1.02,0.59,1.65,20.682,24
2025-08-11T00:00:00.000Z,0.54,92.7,1.25,0.75,2.68,20.944,24
2025-08-12T00:00:00.000Z,0.53,63.7,1.18,0.62,3.26,16.117,24
2025-08-13T00:00:00.000Z,0.54,95.85,0.9,0.65,1.61,23.604,24
2025-08-14T00:00:00.000Z,0.53,64.86,1.21,0.56,3.44,19.057,24
2025-08-15T00:00:00.000Z,0.53,69.48,0.94,0.7,1.74,17.828,24
2025-08-16T00:00:00.000Z,0.53,60.47,1.23,0.64,3.59,15.568,24
2025-08-17T00:00:00.000Z,0.56,72.4,1.15,0.67,1.91,18.73,24
2025-08-18T00:00:00.000Z,0.53,58.41,1.41,0.68,2.29,11.439,24
2025-08-19T00:00:00.000Z,0.53,68.34,1.13,0.68,3.33,17.196,24
2025-08-20T00:00:00.000Z,0.53,62.75,0.81,0.61,2.6,17.59,24
2025-08-21T00:00:00.000Z,0.55,47.19,0.76,0.59,2.31,13.33,24
2025-08-22T00:00:00.000Z,0.54,113.72,1.24,0.64,2.7,25.255,24
2025-08-23T00:00:00.000Z,0.53,70,1.11,0.73,2.44,17.758,24
2025-08-24T00:00:00.000Z,0.54,40.49,1.13,0.7,3.66,9.843,24
2025-08-25T00:00:00.000Z,0.53,64.98,0.91,0.67,2.48,15.53,24
2025-08-26T00:00:00.000Z,0.54,77.88,0.82,0.62,2.11,17.101,24
2025-08-27T00:00:00.000Z,0.53,83.79,0.9,0.71,2.18,18.409,24
2025-08-28T00:00:00.000Z,0.55,84.76,1.08,0.66,1.78,20.59,24
2025-08-29T00:00:00.000Z,0.53,99.45,0.79,0.61,1.34,21.894,24
2025-08-30T00:00:00.000Z,0.54,94.53,1.05,0.64,1.7,22.878,24
2025-08-31T00:00:00.000Z,0.54,26.56,1.1,0.74,1.87,5.138,24
2025-09-01T00:00:00.000Z,0.54,23.04,1.15,0.93,1.72,4.453,24
2025-09-02T00:00:00.000Z,0.53,79.5,0.94,0.65,2.78,18.99,24
2025-09-03T00:00:00.000Z,0.56,3.68,1.19,0.86,1.76,0.802,24
2025-09-04T00:00:00.000Z,0.53,12.79,1.14,0.67,1.99,2.573,24
2025-09-05T00:00:00.000Z,0.54,64.52,0.97,0.71,1.7,13.926,24
2025-09-06T00:00:00.000Z,0.53,68.75,1.34,0.71,2.62,18.369,24
2025-09-07T00:00:00.000Z,0.53,61.05,0.94,0.69,2.6,16.744,24
2025-09-08T00:00:00.000Z,0.53,102.57,0.81,0.61,2.35,20.887,24
2025-09-09T00:00:00.000Z,0.54,34.81,1.37,0.61,2.41,7.747,24
2025-09-10T00:00:00.000Z,0.54,36.58,0.98,0.71,1.93,7.341,24
2025-09-11T00:00:00.000Z,0.54,54.97,1.38,0.88,2.38,12.249,24
2025-09-12T00:00:00.000Z,0.54,4.91,0.9,0.72,1.27,1.054,24
2025-09-13T00:00:00.000Z,0.53,31.17,0.86,0.64,1.64,6.687,24
2025-09-14T00:00:00.000Z,0.54,27.09,1.45,0.85,2.34,6.26,23
2025-09-15T00:00:00.000Z,0.6,2.29,1.02,0.71,1.25,0.445,24
2025-09-16T00:00:00.000Z,0.63,1.66,0.95,0.75,1.22,0.288,24
2025-09-17T00:00:00.000Z,0.56,2,1.09,0.93,1.38,0.364,24
2025-09-18T00:00:00.000Z,0.62,2.86,0.99,0.8,1.34,0.55,24
2025-09-19T00:00:00.000Z,0.67,2.72,1.22,0.97,1.69,0.617,24
2025-09-20T00:00:00.000Z,0.7,2.78,1.4,1.02,1.8,0.541,24
2025-09-21T00:00:00.000Z,0.73,2.58,1.43,1.03,1.78,0.537,24
2025-09-22T00:00:00.000Z,0.74,4.19,1.73,1.01,2.2,0.834,24
2025-09-23T00:00:00.000Z,0.62,3.1,1.04,0.83,1.33,0.493,24
2025-09-24T00:00:00.000Z,0.67,2.78,1.38,0.98,1.97,0.544,24
2025-09-25T00:00:00.000Z,0.55,2.95,1.04,0.75,2.1,0.793,24
2025-09-26T00:00:00.000Z,0.62,2.44,1.06,0.82,1.28,0.472,24
2025-09-27T00:00:00.000Z,0.53,7.29,1.43,0.65,1.88,1.508,23
2025-09-28T00:00:00.000Z,0.54,12.58,1.22,0.74,2.02,2.485,24
2025-09-29T00:00:00.000Z,0.54,4.9,1.05,0.68,1.85,1.152,24
2025-09-30T00:00:00.000Z,0.56,4.3,1.05,0.84,1.27,0.77,24
2025-10-01T00:00:00.000Z,0.61,1.72,0.98,0.81,1.25,0.3,24
2025-10-02T00:00:00.000Z,0.56,3.69,1.05,0.9,1.35,0.66,24
2025-10-03T00:00:00.000Z,0.67,2.58,1.22,0.95,1.67,0.532,24
2025-10-04T00:00:00.000Z,0.72,3.41,1.42,1.11,1.76,0.606,24
2025-10-05T00:00:00.000Z,0.67,2.59,1.23,0.99,1.5,0.416,24
2025-10-06T00:00:00.000Z,0.65,2,1.27,1.02,1.59,0.345,24
2025-10-07T00:00:00.000Z,0.84,2.45,1.29,0.95,1.65,0.415,24
2025-10-08T00:00:00.000Z,0.89,2.38,1.28,1.14,1.68,0.439,24
2025-10-09T00:00:00.000Z,0.8,2.68,1.19,0.99,1.63,0.483,24
2025-10-10T00:00:00.000Z,0.73,2.14,1.41,1.14,1.84,0.41,24
2025-10-11T00:00:00.000Z,0.77,2.95,1.46,1.05,1.81,0.602,24
2025-10-12T00:00:00.000Z,0.63,2.94,1.3,1.18,1.71,0.527,24
2025-10-13T00:00:00.000Z,0.84,2.34,1.39,1.12,1.75,0.397,24
2025-10-14T00:00:00.000Z,0.68,2.42,1.42,1.26,1.64,0.369,24
2025-10-15T00:00:00.000Z,0.82,2.37,1.38,1.14,1.67,0.376,24
2025-10-16T00:00:00.000Z,0.75,2.45,1.35,1.13,1.82,0.507,24
2025-10-17T00:00:00.000Z,0.89,2.68,1.4,1.21,1.78,0.439,24
2025-10-18T00:00:00.000Z,0.6,3.22,1.11,0.93,1.62,0.633,24
2025-10-19T00:00:00.000Z,0.82,3.28,1.47,1.17,1.86,0.628,24
2025-10-20T00:00:00.000Z,0.99,3.95,1.54,1.38,1.96,0.707,24
2025-10-21T00:00:00.000Z,0.74,3.05,1.33,1.04,2.13,0.688,24
2025-10-22T00:00:00.000Z,0.56,2,1.12,0.8,1.45,0.422,24
2025-10-23T00:00:00.000Z,0.66,2.88,0.89,0.79,1.31,0.483,24
2025-10-24T00:00:00.000Z,0.72,2.36,1.28,1.01,1.74,0.467,24
2025-10-25T00:00:00.000Z,0.56,2.73,1.11,0.83,1.87,0.631,23
2025-10-26T00:00:00.000Z,0.74,2.31,1.26,1.01,1.52,0.403,24
2025-10-27T00:00:00.000Z,0.56,3.34,1.27,1,1.56,0.547,24
2025-10-28T00:00:00.000Z,0.7,2.71,1.11,0.9,1.58,0.561,24
2025-10-29T00:00:00.000Z,0.56,2.41,1.05,0.82,1.28,0.46,24
2025-10-30T00:00:00.000Z,0.74,2.22,1.13,0.88,1.71,0.462,24
2025-10-31T00:00:00.000Z,0.66,1.95,1.04,0.82,1.32,0.338,24
2025-11-01T00:00:00.000Z,0.6,1.54,0.94,0.84,1.06,0.22,24
2025-11-02T00:00:00.000Z,0.62,1.66,0.86,0.7,0.99,0.236,24
2025-11-03T00:00:00.000Z,0.62,2.7,0.99,0.78,1.31,0.501,24
2025-11-04T00:00:00.000Z,0.56,1.63,0.71,0.62,0.97,0.32,24
2025-11-05T00:00:00.000Z,0.54,2.63,0.78,0.72,1.2,0.539,24
2025-11-06T00:00:00.000Z,0.54,2.48,1.15,0.72,1.79,0.633,24
2025-11-07T00:00:00.000Z,0.56,2.48,1.01,0.86,1.67,0.598,24
2025-11-08T00:00:00.000Z,0.56,2.56,0.86,0.64,1.36,0.551,24
2025-11-09T00:00:00.000Z,0.61,2.29,1.05,0.86,1.64,0.494,24
2025-11-10T00:00:00.000Z,0.56,1.42,0.9,0.78,1.14,0.243,24
2025-11-11T00:00:00.000Z,0.59,2.02,0.94,0.81,1.18,0.376,24
2025-11-12T00:00:00.000Z,0.57,1.67,0.89,0.65,1.15,0.317,24
2025-11-13T00:00:00.000Z,0.56,2.61,0.99,0.71,1.81,0.622,24
2025-11-14T00:00:00.000Z,0.56,2.59,0.94,0.69,1.51,0.636,24
2025-11-15T00:00:00.000Z,0.57,1.9,1.03,0.83,1.23,0.318,24
2025-11-16T00:00:00.000Z,0.56,2.82,1.1,0.75,1.52,0.663,24
2025-11-17T00:00:00.000Z,0.7,3,0.97,0.87,1.98,0.667,24
2025-11-18T00:00:00.000Z,0.55,2.54,0.9,0.75,1.39,0.484,24
2025-11-19T00:00:00.000Z,0.58,2.37,0.98,0.7,1.17,0.377,24
2025-11-20T00:00:00.000Z,0.55,2.15,0.84,0.69,1.14,0.501,24
2025-11-21T00:00:00.000Z,0.57,1.75,0.85,0.66,1.16,0.386,24
2025-11-22T00:00:00.000Z,0.56,2.6,0.8,0.65,0.9,0.449,22